Data ,,,,,,,,,
,,,,,,,,,
"Every combination are attributed 9 lines. Line 1 is 100% the indicated defect, the the fraction changes to 100% the defect in the 9th line trough the fractions 12.5%, 25%, 37.5%, 50%, 62.5%, 75%, and 87.5%",,,,,,,,,
,,,,,,,,,
Et range,0,1.125,eV,,,,,,
k range,0.001,1000,-,,,,,,
tau_p0 range,1E-13,0.001,s,,,,,,
,,,,,,,,,
points Et,point k,points tau_p0,,,,,,,
200,200,700,,,,,,,
,,,,,,,,,
,Defect 1,Defect 2,Max_Et,Min_Et,Max_k,Min_k,Min ARV,Et,k
1,Au,,0.898869347,0.503140704,0.128989026,0.001,0.092731544,0.570979899,0.01722586
2,Au,CuI,0.961055276,0.457914573,0.112266777,0.001,3.446206987,0.932788945,0.001414991
3,Au,CuI,0.989321608,0.831030151,0.036969127,0.001,5.379920202,0.966708543,0.001320088
4,Au,CuI,1.011934673,0.910175879,0.009884959,0.001,5.896348567,0.983668342,0.001516717
5,Au,CuI,1.023241206,0.915829146,0.01304902,0.001,6.244828542,0.989321608,0.001867914
6,CuI,Au,1.023241206,0.910175879,0.021214518,0.001231551,5.851015868,0.978015075,0.003739937
7,CuI,Au,1.000628141,0.904522613,0.034489623,0.003036771,4.803318398,0.949748744,0.009884959
8,CuI,Au,0.972361809,0.89321608,0.052310993,0.008026434,2.856430981,0.932788945,0.019791669
9,CuI,,0.932788945,0.881909548,0.097712415,0.026126752,1.007581468,0.904522613,0.056071699
10,Au,,0.898869347,0.503140704,0.128989026,0.001,0.092731544,0.570979899,0.01722586
11,Au,CuII,0.61620603,0.407035176,16.63816886,12.6038293,1.597868013,0.610552764,14.48118228
12,Au,CuII,0.61620603,0.40138191,16.63816886,13.50993521,1.018791966,0.610552764,15.52225357
13,Au,CuII,0.61620603,0.40138191,16.63816886,14.48118228,0.709664698,0.610552764,15.52225357
14,Au,CuII,0.61620603,0.40138191,17.83430877,14.48118228,0.846996316,0.610552764,15.52225357
15,CuII,Au,0.61620603,0.40138191,17.83430877,14.48118228,1.015576368,0.610552764,15.52225357
16,CuII,Au,0.61620603,0.40138191,19.11644075,14.48118228,1.117659786,0.610552764,15.52225357
17,CuII,Au,0.61620603,0.40138191,19.11644075,14.48118228,1.216284138,0.610552764,15.52225357
18,CuII,,0.61620603,0.40138191,19.11644075,14.48118228,1.204152247,0.610552764,15.52225357
19,Au,,0.898869347,0.503140704,0.128989026,0.001,0.092731544,0.570979899,0.01722586
20,Au,DefectX,0.650125628,0.486180905,0.965883224,0.636824994,0.590336655,0.570979899,0.840665289
21,Au,DefectX,0.638819095,0.491834171,1.035321843,0.784282206,0.307414925,0.565326633,0.901101825
22,Au,DefectX,0.644472362,0.491834171,1.109752496,0.784282206,0.785454603,0.565326633,0.901101825
23,Au,DefectX,0.638819095,0.491834171,1.189534067,0.784282206,0.70602677,0.565326633,0.965883224
24,DefectX,Au,0.638819095,0.491834171,1.189534067,0.784282206,0.621446852,0.565326633,0.965883224
25,DefectX,Au,0.638819095,0.491834171,1.189534067,0.840665289,0.686763876,0.565326633,0.965883224
26,DefectX,Au,0.638819095,0.491834171,1.189534067,0.840665289,0.684359509,0.565326633,0.965883224
27,DefectX,,0.638819095,0.491834171,1.189534067,0.840665289,0.554254017,0.565326633,1.035321843
28,Au,,0.898869347,0.503140704,0.128989026,0.001,0.092731544,0.570979899,0.01722586
29,Au,Mo,0.299623116,0.27701005,35.70785965,17.83430877,3.620214783,0.288316583,23.54286414
30,Au,Mo,0.288316583,0.271356784,38.27494479,21.96385372,1.705899956,0.282663317,27.0495973
31,Au,Mo,0.288316583,0.271356784,38.27494479,21.96385372,1.493081136,0.282663317,27.0495973
32,Au,Mo,0.288316583,0.260050251,54.15871378,21.96385372,1.580698161,0.282663317,27.0495973
33,Mo,Au,0.288316583,0.265703518,47.13753134,23.54286414,1.387407125,0.27701005,33.31294788
34,Mo,Au,0.288316583,0.271356784,41.02658106,23.54286414,1.254642319,0.27701005,33.31294788
35,Mo,Au,0.288316583,0.271356784,41.02658106,23.54286414,1.191243827,0.27701005,33.31294788
36,Mo,,0.282663317,0.260050251,50.52631065,27.0495973,1.313277677,0.27701005,33.31294788
37,Au,,0.898869347,0.503140704,0.128989026,0.001,0.092731544,0.570979899,0.01722586
38,Au,PtI,0.927135678,0.480527638,0.138262217,0.001,0.997206234,0.876256281,0.001148951
39,Au,PtI,0.944095477,0.463567839,0.148202071,0.001,2.169748862,0.910175879,0.001231551
40,Au,PtI,0.961055276,0.457914573,0.120337784,0.001,3.418652833,0.932788945,0.001320088
41,Au,PtI,0.978015075,0.791457286,0.079340967,0.001,4.560162329,0.966708543,0.001
42,PtI,Au,0.994974874,0.836683417,0.039626886,0.001,5.965268951,0.983668342,0.001
43,PtI,Au,1.01758794,0.870603015,0.030018358,0.001,7.156217309,0.966708543,0.002833096
44,PtI,Au,0.994974874,0.859296482,0.091158883,0.002833096,7.505062239,0.915829146,0.019791669
45,PtI,,0.322236181,0.316582915,0.318062569,0.001,1.770621057,0.322236181,0.001867914
46,Au,,0.898869347,0.503140704,0.128989026,0.001,0.092731544,0.570979899,0.01722586
47,Au,PtII,0.079145729,0.067839196,932.9304026,659.3188271,15.40751218,0.073492462,932.9304026
48,Au,PtII,0.118718593,0.096105528,405.5460736,143.1458938,12.75747435,0.10741206,249.4508135
49,Au,PtII,0.146984925,0.118718593,143.1458938,58.05225516,10.05734207,0.130025126,94.37878278
50,Au,PtII,0.163944724,0.135678392,71.49428987,31.07866188,7.662638879,0.146984925,47.13753134
51,PtII,Au,0.175251256,0.152638191,35.70785965,19.11644075,5.804413186,0.163944724,25.2353917
52,PtII,Au,0.887562814,0.16959799,23.54286414,0.636824994,4.792511048,0.175251256,16.63816886
53,PtII,Au,0.898869347,0.186557789,10.96985798,0.682607183,3.253955292,0.881909548,0.901101825
54,PtII,,0.887562814,0.248743719,1.275051241,0.784282206,1.10933105,0.876256281,1.189534067
55,Au,,0.898869347,0.503140704,0.128989026,0.001,0.092731544,0.570979899,0.01722586
56,Au,Ti,0.197864322,0.158291457,101.163798,23.54286414,17.3373235,0.175251256,54.15871378
57,Au,Ti,0.237437186,0.197864322,23.54286414,5.872786613,16.71838102,0.209170854,15.52225357
58,Au,Ti,0.84798995,0.831030151,10.96985798,4.768611698,14.11980376,0.836683417,6.747544053
59,Au,Ti,0.853643216,0.831030151,17.83430877,6.29498899,9.525692728,0.836683417,8.907354639
60,Ti,Au,0.853643216,0.836683417,23.54286414,8.309941949,6.244333126,0.842336683,12.6038293
61,Ti,Au,0.84798995,0.836683417,23.54286414,10.23411402,3.549075512,0.842336683,14.48118228
62,Ti,Au,0.84798995,0.836683417,38.27494479,12.6038293,1.925772825,0.842336683,14.48118228
63,Ti,,0.84798995,0.836683417,31.07866188,14.48118228,0.864182313,0.842336683,17.83430877
64,Au,,0.898869347,0.503140704,0.128989026,0.001,0.092731544,0.570979899,0.01722586
65,Au,Zn,1.011934673,0.780150754,0.419870708,0.001231551,8.587756535,0.910175879,0.013987131
66,Au,Zn,0.932788945,0.797110553,0.48241087,0.014992684,7.02630836,0.825376884,0.240940356
67,Au,Zn,0.876256281,0.802763819,0.517092024,0.079340967,4.608595625,0.825376884,0.296730241
68,Au,Zn,0.853643216,0.814070352,0.517092024,0.170276917,2.815097116,0.825376884,0.365438307
69,Zn,Au,0.84798995,0.33919598,0.636824994,0.20970464,2.177662986,0.825376884,0.391710149
70,Zn,Au,0.842336683,0.333542714,0.731680714,0.128989026,2.376369345,0.333542714,0.318062569
71,Zn,Au,0.831030151,0.327889447,0.517092024,0.091158883,1.574409874,0.333542714,0.318062569
72,Zn,,0.333542714,0.327889447,0.636824994,0.148202071,1.757902789,0.327889447,0.340928507
73,CuI,,0.932788945,0.881909548,0.097712415,0.026126752,1.007581468,0.904522613,0.056071699
74,CuI,CuII,0.627512563,0.395728643,17.83430877,11.75849554,3.906959639,0.61620603,13.50993521
75,CuI,CuII,0.621859296,0.395728643,17.83430877,13.50993521,2.175942448,0.610552764,14.48118228
76,CuI,CuII,0.621859296,0.40138191,16.63816886,13.50993521,1.198996629,0.610552764,15.52225357
77,CuI,CuII,0.61620603,0.40138191,16.63816886,14.48118228,0.870059774,0.610552764,15.52225357
78,CuII,CuI,0.61620603,0.40138191,17.83430877,14.48118228,0.908390554,0.610552764,15.52225357
79,CuII,CuI,0.61620603,0.40138191,17.83430877,14.48118228,1.038439253,0.610552764,15.52225357
80,CuII,CuI,0.61620603,0.40138191,19.11644075,14.48118228,1.166461244,0.610552764,15.52225357
81,CuII,,0.61620603,0.40138191,19.11644075,14.48118228,1.204152247,0.610552764,15.52225357
82,CuI,,0.932788945,0.881909548,0.097712415,0.026126752,1.007581468,0.904522613,0.056071699
83,CuI,DefectX,0.717964824,0.435301508,1.035321843,0.391710149,6.934264724,0.689698492,0.636824994
84,CuI,DefectX,0.689698492,0.452261307,1.189534067,0.517092024,4.019603304,0.650125628,0.901101825
85,CuI,DefectX,0.667085427,0.463567839,1.189534067,0.731680714,2.209020125,0.627512563,0.965883224
86,CuI,DefectX,0.655778894,0.474874372,1.189534067,0.784282206,1.253455639,0.610552764,0.965883224
87,DefectX,CuI,0.650125628,0.480527638,1.109752496,0.784282206,0.702311696,0.599246231,0.965883224
88,DefectX,CuI,0.638819095,0.486180905,1.109752496,0.840665289,0.3871004,0.570979899,0.965883224
89,DefectX,CuI,0.638819095,0.491834171,1.189534067,0.840665289,0.475626305,0.565326633,0.965883224
90,DefectX,,0.638819095,0.491834171,1.189534067,0.840665289,0.554254017,0.565326633,1.035321843
91,CuI,,0.932788945,0.881909548,0.097712415,0.026126752,1.007581468,0.904522613,0.056071699
92,CuI,Mo,0.293969849,0.27701005,31.07866188,16.63816886,2.856489773,0.282663317,25.2353917
93,CuI,Mo,0.293969849,0.265703518,43.97603609,19.11644075,1.804956096,0.282663317,25.2353917
94,CuI,Mo,0.288316583,0.265703518,43.97603609,21.96385372,1.481397948,0.282663317,27.0495973
95,CuI,Mo,0.288316583,0.271356784,38.27494479,21.96385372,1.40609864,0.27701005,31.07866188
96,Mo,CuI,0.288316583,0.271356784,38.27494479,21.96385372,1.253433664,0.27701005,31.07866188
97,Mo,CuI,0.288316583,0.271356784,38.27494479,23.54286414,1.281760189,0.27701005,31.07866188
98,Mo,CuI,0.288316583,0.271356784,41.02658106,23.54286414,1.270541624,0.27701005,33.31294788
99,Mo,,0.282663317,0.260050251,50.52631065,27.0495973,1.313277677,0.27701005,33.31294788
100,CuI,,0.932788945,0.881909548,0.097712415,0.026126752,1.007581468,0.904522613,0.056071699
101,CuI,PtI,0.927135678,0.887562814,0.085044893,0.032176418,0.356013412,0.904522613,0.056071699
102,CuI,PtI,0.921482412,0.881909548,0.097712415,0.036969127,0.456995958,0.904522613,0.056071699
103,CuI,PtI,0.921482412,0.876256281,0.120337784,0.036969127,0.910114868,0.898869347,0.064423635
104,CuI,PtI,0.915829146,0.876256281,0.120337784,0.042475716,0.831365888,0.898869347,0.069055135
105,PtI,CuI,0.915829146,0.864949749,0.158856513,0.045529351,1.366335555,0.881909548,0.10473709
106,PtI,CuI,0.904522613,0.853643216,0.240940356,0.064423635,1.867519111,0.876256281,0.128989026
107,PtI,CuI,0.89321608,0.842336683,0.365438307,0.097712415,3.021695359,0.864949749,0.195639834
108,PtI,,0.322236181,0.316582915,0.318062569,0.001,1.770621057,0.322236181,0.001867914
109,CuI,,0.932788945,0.881909548,0.097712415,0.026126752,1.007581468,0.904522613,0.056071699
110,CuI,PtII,0.932788945,0.870603015,0.340928507,0.085044893,5.138760969,0.910175879,0.128989026
111,CuI,PtII,0.921482412,0.146984925,50.52631065,0.182518349,5.191029233,0.887562814,0.340928507
112,CuI,PtII,0.910175879,0.163944724,25.2353917,0.318062569,4.263759311,0.881909548,0.517092024
113,CuI,PtII,0.898869347,0.870603015,0.901101825,0.450055768,2.893436693,0.881909548,0.636824994
114,PtII,CuI,0.89321608,0.870603015,0.965883224,0.636824994,2.190339834,0.881909548,0.731680714
115,PtII,CuI,0.89321608,0.870603015,1.109752496,0.731680714,1.360595647,0.881909548,0.840665289
116,PtII,CuI,0.887562814,0.870603015,1.189534067,0.784282206,1.03567249,0.876256281,1.035321843
117,PtII,,0.887562814,0.248743719,1.275051241,0.784282206,1.10933105,0.876256281,1.189534067
118,CuI,,0.932788945,0.881909548,0.097712415,0.026126752,1.007581468,0.904522613,0.056071699
119,CuI,Ti,0.842336683,0.209170854,11.75849554,2.933166278,8.270241072,0.226130653,7.232633896
120,CuI,Ti,0.853643216,0.831030151,9.547716114,4.448782831,6.223129872,0.836683417,6.29498899
121,CuI,Ti,0.853643216,0.836683417,14.48118228,7.232633896,4.140984577,0.842336683,8.907354639
122,CuI,Ti,0.84798995,0.836683417,17.83430877,8.907354639,2.696009401,0.842336683,10.23411402
123,Ti,CuI,0.84798995,0.836683417,23.54286414,10.23411402,1.908787443,0.842336683,12.6038293
124,Ti,CuI,0.84798995,0.836683417,23.54286414,12.6038293,0.981979544,0.842336683,14.48118228
125,Ti,CuI,0.84798995,0.836683417,38.27494479,14.48118228,0.787108969,0.842336683,21.96385372
126,Ti,,0.84798995,0.836683417,31.07866188,14.48118228,0.864182313,0.842336683,17.83430877
127,CuI,,0.932788945,0.881909548,0.097712415,0.026126752,1.007581468,0.904522613,0.056071699
128,CuI,Zn,0.876256281,0.836683417,0.340928507,0.120337784,1.260410306,0.859296482,0.182518349
129,CuI,Zn,0.859296482,0.333542714,0.554266452,0.069055135,2.010902653,0.842336683,0.296730241
130,CuI,Zn,0.853643216,0.327889447,0.682607183,0.001414991,2.401723031,0.333542714,0.195639834
131,CuI,Zn,0.842336683,0.327889447,0.594113398,0.001516717,2.068965143,0.333542714,0.240940356
132,Zn,CuI,0.836683417,0.327889447,0.682607183,0.001625756,2.258636006,0.327889447,0.340928507
133,Zn,CuI,0.831030151,0.327889447,0.636824994,0.042475716,1.880318808,0.327889447,0.365438307
134,Zn,CuI,0.333542714,0.327889447,0.636824994,0.195639834,1.566642188,0.327889447,0.365438307
135,Zn,,0.333542714,0.327889447,0.636824994,0.148202071,1.757902789,0.327889447,0.340928507
136,CuII,,0.61620603,0.40138191,19.11644075,14.48118228,1.204152247,0.610552764,15.52225357
137,CuII,DefectX,0.61620603,0.40138191,17.83430877,13.50993521,1.276898308,0.610552764,15.52225357
138,CuII,DefectX,0.621859296,0.40138191,15.52225357,11.75849554,1.639743992,0.610552764,13.50993521
139,CuII,DefectX,0.621859296,0.407035176,14.48118228,10.23411402,2.573500428,0.610552764,12.6038293
140,CuII,DefectX,0.627512563,0.407035176,12.6038293,8.907354639,3.503847106,0.61620603,10.96985798
141,DefectX,CuII,0.633165829,0.412688442,10.96985798,7.232633896,4.496244924,0.61620603,8.907354639
142,DefectX,CuII,0.638819095,0.418341709,8.309941949,5.111433483,5.864309042,0.621859296,6.29498899
143,DefectX,CuII,0.644472362,0.429648241,5.111433483,2.933166278,5.805356653,0.44660804,4.150404758
144,DefectX,,0.638819095,0.491834171,1.189534067,0.840665289,0.554254017,0.565326633,1.035321843
145,CuII,,0.61620603,0.40138191,19.11644075,14.48118228,1.204152247,0.610552764,15.52225357
146,CuII,Mo,0.627512563,0.384422111,19.11644075,14.48118228,1.900098562,0.395728643,16.63816886
147,CuII,Mo,0.638819095,0.367462312,21.96385372,14.48118228,4.265404951,0.384422111,16.63816886
148,CuII,Mo,0.650125628,0.356155779,23.54286414,15.52225357,6.499840395,0.373115578,16.63816886
149,CuII,Mo,0.655778894,0.33919598,25.2353917,16.63816886,8.05688767,0.356155779,19.11644075
150,Mo,CuII,0.350502513,0.322236181,28.99422854,16.63816886,9.148507046,0.33919598,21.96385372
151,Mo,CuII,0.333542714,0.175251256,932.9304026,17.83430877,9.178236213,0.322236181,23.54286414
152,Mo,CuII,0.310929648,0.163944724,932.9304026,20.4907469,6.881171086,0.299623116,25.2353917
153,Mo,,0.282663317,0.260050251,50.52631065,27.0495973,1.313277677,0.27701005,33.31294788
154,CuII,,0.61620603,0.40138191,19.11644075,14.48118228,1.204152247,0.610552764,15.52225357
155,CuII,PtI,0.61620603,0.40138191,19.11644075,14.48118228,1.231054801,0.610552764,15.52225357
156,CuII,PtI,0.61620603,0.40138191,19.11644075,14.48118228,1.233606162,0.610552764,15.52225357
157,CuII,PtI,0.61620603,0.40138191,19.11644075,14.48118228,1.185315652,0.610552764,15.52225357
158,CuII,PtI,0.61620603,0.40138191,19.11644075,14.48118228,1.15465434,0.610552764,15.52225357
159,PtI,CuII,0.61620603,0.40138191,17.83430877,14.48118228,1.046029919,0.610552764,15.52225357
160,PtI,CuII,0.61620603,0.40138191,17.83430877,14.48118228,0.92541097,0.610552764,15.52225357
161,PtI,CuII,0.621859296,0.395728643,17.83430877,13.50993521,1.1477251,0.610552764,15.52225357
162,PtI,,0.322236181,0.316582915,0.318062569,0.001,1.770621057,0.322236181,0.001867914
163,CuII,,0.61620603,0.40138191,19.11644075,14.48118228,1.204152247,0.610552764,15.52225357
164,CuII,PtII,0.621859296,0.395728643,17.83430877,13.50993521,1.471278394,0.610552764,15.52225357
165,CuII,PtII,0.621859296,0.390075377,19.11644075,13.50993521,2.877717583,0.40138191,16.63816886
166,CuII,PtII,0.627512563,0.390075377,17.83430877,12.6038293,4.409295409,0.40138191,15.52225357
167,CuII,PtII,0.627512563,0.390075377,16.63816886,12.6038293,5.837381527,0.40138191,14.48118228
168,PtII,CuII,0.638819095,0.390075377,14.48118228,11.75849554,9.188067465,0.40138191,12.6038293
169,PtII,CuII,0.650125628,0.384422111,13.50993521,8.907354639,14.39299809,0.40138191,10.23411402
170,PtII,CuII,0.672738693,0.373115578,9.547716114,4.150404758,23.26033967,0.390075377,7.752597489
171,PtII,,0.887562814,0.248743719,1.275051241,0.784282206,1.10933105,0.876256281,1.189534067
172,CuII,,0.61620603,0.40138191,19.11644075,14.48118228,1.204152247,0.610552764,15.52225357
173,CuII,Ti,0.621859296,0.390075377,19.11644075,13.50993521,2.951898298,0.61620603,15.52225357
174,CuII,Ti,0.633165829,0.384422111,16.63816886,11.75849554,6.59022966,0.40138191,14.48118228
175,CuII,Ti,0.644472362,0.378768844,15.52225357,8.907354639,11.35465948,0.390075377,13.50993521
176,CuII,Ti,0.655778894,0.373115578,12.6038293,7.232633896,15.39273855,0.390075377,10.96985798
177,Ti,CuII,0.672738693,0.361809045,11.75849554,5.47890118,21.31270646,0.384422111,8.309941949
178,Ti,CuII,0.695351759,0.350502513,9.547716114,3.872038782,26.8147574,0.367462312,6.747544053
179,Ti,CuII,0.729271357,0.130025126,932.9304026,2.933166278,33.0534435,0.135678392,1000
180,Ti,,0.84798995,0.836683417,31.07866188,14.48118228,0.864182313,0.842336683,17.83430877
181,CuII,,0.61620603,0.40138191,19.11644075,14.48118228,1.204152247,0.610552764,15.52225357
182,CuII,Zn,0.61620603,0.40138191,17.83430877,14.48118228,0.844069213,0.610552764,15.52225357
183,CuII,Zn,0.621859296,0.395728643,17.83430877,13.50993521,1.458873343,0.610552764,15.52225357
184,CuII,Zn,0.627512563,0.395728643,17.83430877,12.6038293,2.549439372,0.61620603,14.48118228
185,CuII,Zn,0.627512563,0.395728643,17.83430877,11.75849554,3.536083908,0.61620603,13.50993521
186,Zn,CuII,0.633165829,0.395728643,15.52225357,10.96985798,4.775771446,0.61620603,13.50993521
187,Zn,CuII,0.638819095,0.390075377,14.48118228,8.907354639,7.740430681,0.621859296,11.75849554
188,Zn,CuII,0.661432161,0.384422111,10.96985798,5.872786613,12.81659394,0.395728643,8.907354639
189,Zn,,0.333542714,0.327889447,0.636824994,0.148202071,1.757902789,0.327889447,0.340928507
190,DefectX,,0.638819095,0.491834171,1.189534067,0.840665289,0.554254017,0.565326633,1.035321843
191,DefectX,Mo,0.695351759,0.378768844,4.448782831,3.144035472,13.76714346,0.407035176,3.370064329
192,DefectX,Mo,0.701005025,0.344849246,9.547716114,5.111433483,14.86161842,0.361809045,5.872786613
193,DefectX,Mo,0.356155779,0.322236181,13.50993521,7.752597489,13.03239555,0.33919598,8.907354639
194,DefectX,Mo,0.33919598,0.163944724,932.9304026,10.23411402,10.67569923,0.322236181,12.6038293
195,Mo,DefectX,0.322236181,0.158291457,932.9304026,13.50993521,8.048333625,0.310929648,15.52225357
196,Mo,DefectX,0.305276382,0.180904523,499.4505116,15.52225357,5.426099327,0.299623116,20.4907469
197,Mo,DefectX,0.293969849,0.271356784,41.02658106,20.4907469,2.696566831,0.288316583,25.2353917
198,Mo,,0.282663317,0.260050251,50.52631065,27.0495973,1.313277677,0.27701005,33.31294788
199,DefectX,,0.638819095,0.491834171,1.189534067,0.840665289,0.554254017,0.565326633,1.035321843
200,DefectX,PtI,0.638819095,0.491834171,1.189534067,0.840665289,0.683857309,0.565326633,0.965883224
201,DefectX,PtI,0.638819095,0.491834171,1.189534067,0.840665289,0.61670362,0.565326633,0.965883224
202,DefectX,PtI,0.638819095,0.491834171,1.189534067,0.840665289,0.490334201,0.565326633,0.965883224
203,DefectX,PtI,0.638819095,0.491834171,1.189534067,0.840665289,0.430963922,0.565326633,0.965883224
204,PtI,DefectX,0.644472362,0.486180905,1.189534067,0.840665289,0.483829003,0.582286432,0.965883224
205,PtI,DefectX,0.650125628,0.474874372,1.189534067,0.784282206,0.868009338,0.604899497,0.965883224
206,PtI,DefectX,0.667085427,0.463567839,1.189534067,0.731680714,2.151821774,0.627512563,0.965883224
207,PtI,,0.322236181,0.316582915,0.318062569,0.001,1.770621057,0.322236181,0.001867914
208,DefectX,,0.638819095,0.491834171,1.189534067,0.840665289,0.554254017,0.565326633,1.035321843
209,DefectX,PtII,0.667085427,0.457914573,1.275051241,0.784282206,3.312950324,0.621859296,1.035321843
210,DefectX,PtII,0.695351759,0.440954774,1.464971398,0.517092024,7.600371751,0.655778894,1.035321843
211,DefectX,PtII,0.717964824,0.423994975,1.366716356,0.419870708,12.32507536,0.684045226,1.035321843
212,DefectX,PtII,0.740577889,0.412688442,1.366716356,0.318062569,16.87571215,0.712311558,0.731680714
213,PtII,DefectX,1.01758794,0.395728643,1.275051241,0.001,22.38261937,0.734924623,0.682607183
214,PtII,DefectX,1.051507538,0.791457286,0.276828663,0.001,25.2744386,0.978015075,0.003255089
215,PtII,DefectX,0.084798995,0.067839196,932.9304026,706.7181274,18.36149186,0.073492462,1000
216,PtII,,0.887562814,0.248743719,1.275051241,0.784282206,1.10933105,0.876256281,1.189534067
217,DefectX,,0.638819095,0.491834171,1.189534067,0.840665289,0.554254017,0.565326633,1.035321843
218,DefectX,Ti,0.701005025,0.418341709,2.07292178,1.035321843,12.76764837,0.684045226,1.275051241
219,DefectX,Ti,0.72361809,0.384422111,2.736439997,1.109752496,21.57679917,0.40138191,1.570290125
220,DefectX,Ti,0.740577889,0.361809045,3.872038782,1.366716356,27.92377702,0.378768844,1.804186409
221,DefectX,Ti,0.130025126,0.096105528,932.9304026,811.9844993,27.1058952,0.113065327,1000
222,Ti,DefectX,0.113065327,0.096105528,932.9304026,615.0985789,20.90308002,0.101758794,932.9304026
223,Ti,DefectX,0.146984925,0.113065327,615.0985789,164.4676178,21.39152245,0.135678392,249.4508135
224,Ti,DefectX,0.203517588,0.158291457,101.163798,20.4907469,19.2232551,0.180904523,43.97603609
225,Ti,,0.84798995,0.836683417,31.07866188,14.48118228,0.864182313,0.842336683,17.83430877
226,DefectX,,0.638819095,0.491834171,1.189534067,0.840665289,0.554254017,0.565326633,1.035321843
227,DefectX,Zn,0.655778894,0.469221106,1.189534067,0.784282206,1.119326886,0.61620603,0.965883224
228,DefectX,Zn,0.67839196,0.452261307,1.189534067,0.731680714,2.660085149,0.638819095,0.965883224
229,DefectX,Zn,0.695351759,0.440954774,1.275051241,0.554266452,4.60154877,0.661432161,0.965883224
230,DefectX,Zn,0.712311558,0.429648241,1.189534067,0.554266452,6.075621439,0.689698492,0.731680714
231,Zn,DefectX,0.729271357,0.412688442,1.109752496,0.450055768,8.400181263,0.712311558,0.682607183
232,Zn,DefectX,0.757537688,0.395728643,1.035321843,0.340928507,10.7001504,0.729271357,0.731680714
233,Zn,DefectX,0.949748744,0.373115578,0.901101825,0.005291979,12.05160617,0.774497487,0.517092024
234,Zn,,0.333542714,0.327889447,0.636824994,0.148202071,1.757902789,0.327889447,0.340928507
235,Mo,,0.282663317,0.260050251,50.52631065,27.0495973,1.313277677,0.27701005,33.31294788
236,Mo,PtI,0.288316583,0.271356784,41.02658106,23.54286414,1.182136748,0.27701005,33.31294788
237,Mo,PtI,0.288316583,0.271356784,41.02658106,23.54286414,1.212584564,0.27701005,33.31294788
238,Mo,PtI,0.288316583,0.271356784,41.02658106,23.54286414,1.256547873,0.27701005,33.31294788
239,Mo,PtI,0.288316583,0.271356784,38.27494479,23.54286414,1.317744396,0.27701005,33.31294788
240,PtI,Mo,0.288316583,0.271356784,38.27494479,23.54286414,1.234981201,0.27701005,31.07866188
241,PtI,Mo,0.288316583,0.271356784,38.27494479,21.96385372,1.165156316,0.27701005,31.07866188
242,PtI,Mo,0.288316583,0.271356784,38.27494479,21.96385372,1.344144138,0.27701005,31.07866188
243,PtI,,0.322236181,0.316582915,0.318062569,0.001,1.770621057,0.322236181,0.001867914
244,Mo,,0.282663317,0.260050251,50.52631065,27.0495973,1.313277677,0.27701005,33.31294788
245,Mo,PtII,0.288316583,0.265703518,43.97603609,21.96385372,1.169805887,0.27701005,31.07866188
246,Mo,PtII,0.288316583,0.260050251,50.52631065,20.4907469,1.996950561,0.27701005,31.07866188
247,Mo,PtII,0.282663317,0.248743719,62.22570837,21.96385372,3.186252549,0.27701005,28.99422854
248,Mo,PtII,0.282663317,0.254396985,54.15871378,20.4907469,4.118014743,0.27701005,28.99422854
249,PtII,Mo,0.282663317,0.243090452,62.22570837,17.83430877,6.158549584,0.27701005,25.2353917
250,PtII,Mo,0.282663317,0.243090452,54.15871378,15.52225357,9.066671063,0.27701005,21.96385372
251,PtII,Mo,0.288316583,0.260050251,21.96385372,6.747544053,14.01576595,0.27701005,14.48118228
252,PtII,,0.887562814,0.248743719,1.275051241,0.784282206,1.10933105,0.876256281,1.189534067
253,Mo,,0.282663317,0.260050251,50.52631065,27.0495973,1.313277677,0.27701005,33.31294788
254,Mo,Ti,0.282663317,0.248743719,66.69919663,23.54286414,2.155853562,0.27701005,28.99422854
255,Mo,Ti,0.282663317,0.243090452,66.69919663,21.96385372,3.353419211,0.27701005,27.0495973
256,Mo,Ti,0.27701005,0.220477387,108.4365969,20.4907469,5.84579838,0.271356784,27.0495973
257,Mo,Ti,0.27701005,0.214824121,108.4365969,16.63816886,8.05773736,0.271356784,23.54286414
258,Ti,Mo,0.27701005,0.209170854,94.37878278,12.6038293,10.3749012,0.265703518,20.4907469
259,Ti,Mo,0.271356784,0.203517588,76.63410868,9.547716114,12.25854924,0.265703518,14.48118228
260,Ti,Mo,0.271356784,0.203517588,43.97603609,5.111433483,13.25960827,0.237437186,15.52225357
261,Ti,,0.84798995,0.836683417,31.07866188,14.48118228,0.864182313,0.842336683,17.83430877
262,Mo,,0.282663317,0.260050251,50.52631065,27.0495973,1.313277677,0.27701005,33.31294788
263,Mo,Zn,0.288316583,0.271356784,38.27494479,21.96385372,1.273045645,0.27701005,31.07866188
264,Mo,Zn,0.288316583,0.265703518,43.97603609,21.96385372,1.63008698,0.282663317,27.0495973
265,Mo,Zn,0.293969849,0.27701005,33.31294788,19.11644075,1.538870409,0.282663317,25.2353917
266,Mo,Zn,0.293969849,0.27701005,31.07866188,17.83430877,2.143607925,0.282663317,25.2353917
267,Zn,Mo,0.293969849,0.282663317,25.2353917,15.52225357,3.047670423,0.282663317,23.54286414
268,Zn,Mo,0.299623116,0.282663317,23.54286414,11.75849554,4.709868113,0.288316583,16.63816886
269,Zn,Mo,0.305276382,0.288316583,15.52225357,6.747544053,6.813020929,0.288316583,12.6038293
270,Zn,,0.333542714,0.327889447,0.636824994,0.148202071,1.757902789,0.327889447,0.340928507
271,PtI,,0.322236181,0.316582915,0.318062569,0.001,1.770621057,0.322236181,0.001867914
272,PtI,PtII,0.887562814,0.864949749,0.965883224,0.594113398,1.867289041,0.876256281,0.784282206
273,PtI,PtII,0.887562814,0.864949749,1.189534067,0.731680714,1.027162955,0.876256281,0.901101825
274,PtI,PtII,0.887562814,0.870603015,1.189534067,0.784282206,1.299283833,0.876256281,0.965883224
275,PtI,PtII,0.887562814,0.870603015,1.189534067,0.901101825,0.745536593,0.876256281,1.035321843
276,PtII,PtI,0.887562814,0.870603015,1.275051241,0.901101825,1.061927856,0.876256281,1.109752496
277,PtII,PtI,0.887562814,0.870603015,1.275051241,0.965883224,0.595893323,0.876256281,1.109752496
278,PtII,PtI,0.887562814,0.870603015,1.275051241,0.965883224,0.671957429,0.876256281,1.109752496
279,PtII,,0.887562814,0.248743719,1.275051241,0.784282206,1.10933105,0.876256281,1.189534067
280,PtI,,0.322236181,0.316582915,0.318062569,0.001,1.770621057,0.322236181,0.001867914
281,PtI,Ti,0.84798995,0.836683417,17.83430877,8.907354639,1.390850795,0.842336683,10.23411402
282,PtI,Ti,0.84798995,0.836683417,25.2353917,12.6038293,0.910723242,0.842336683,15.52225357
283,PtI,Ti,0.84798995,0.836683417,38.27494479,14.48118228,0.967824176,0.842336683,14.48118228
284,PtI,Ti,0.84798995,0.836683417,38.27494479,14.48118228,0.803613348,0.842336683,21.96385372
285,Ti,PtI,0.842336683,0.842336683,38.27494479,14.48118228,0.447977038,0.842336683,21.96385372
286,Ti,PtI,0.842336683,0.842336683,38.27494479,14.48118228,0.261825022,0.842336683,21.96385372
287,Ti,PtI,0.842336683,0.842336683,38.27494479,14.48118228,0.260076572,0.842336683,20.4907469
288,Ti,,0.84798995,0.836683417,31.07866188,14.48118228,0.864182313,0.842336683,17.83430877
289,PtI,,0.322236181,0.316582915,0.318062569,0.001,1.770621057,0.322236181,0.001867914
290,PtI,Zn,0.327889447,0.327889447,0.517092024,0.170276917,0.704711819,0.327889447,0.340928507
291,PtI,Zn,0.327889447,0.327889447,0.517092024,0.170276917,0.704711819,0.327889447,0.340928507
292,PtI,Zn,0.333542714,0.327889447,0.594113398,0.182518349,0.985057625,0.327889447,0.365438307
293,PtI,Zn,0.333542714,0.327889447,0.594113398,0.195639834,1.09338575,0.327889447,0.365438307
294,Zn,PtI,0.333542714,0.327889447,0.594113398,0.195639834,1.210719569,0.327889447,0.365438307
295,Zn,PtI,0.333542714,0.327889447,0.636824994,0.195639834,1.273529497,0.327889447,0.365438307
296,Zn,PtI,0.333542714,0.327889447,0.636824994,0.195639834,1.324913278,0.327889447,0.365438307
297,Zn,,0.333542714,0.327889447,0.636824994,0.148202071,1.757902789,0.327889447,0.340928507
298,PtII,,0.887562814,0.248743719,1.275051241,0.784282206,1.10933105,0.876256281,1.189534067
299,PtII,Ti,0.870603015,0.853643216,3.370064329,2.221946861,1.887977088,0.864949749,2.552908068
300,PtII,Ti,0.864949749,0.84798995,5.47890118,3.872038782,2.033243368,0.853643216,4.768611698
301,PtII,Ti,0.859296482,0.84798995,8.907354639,5.111433483,1.834000221,0.853643216,5.872786613
302,PtII,Ti,0.853643216,0.842336683,10.96985798,6.747544053,1.234817395,0.84798995,8.309941949
303,Ti,PtII,0.853643216,0.842336683,16.63816886,8.309941949,1.684071248,0.84798995,9.547716114
304,Ti,PtII,0.84798995,0.842336683,23.54286414,11.75849554,1.288266804,0.842336683,15.52225357
305,Ti,PtII,0.84798995,0.836683417,27.0495973,11.75849554,1.230934776,0.842336683,15.52225357
306,Ti,,0.84798995,0.836683417,31.07866188,14.48118228,0.864182313,0.842336683,17.83430877
307,PtII,,0.887562814,0.248743719,1.275051241,0.784282206,1.10933105,0.876256281,1.189534067
308,PtII,Zn,0.887562814,0.859296482,1.189534067,0.594113398,2.53877805,0.876256281,0.784282206
309,PtII,Zn,0.887562814,0.853643216,1.035321843,0.450055768,3.419801129,0.870603015,0.636824994
310,PtII,Zn,0.881909548,0.84798995,0.901101825,0.365438307,4.058688176,0.864949749,0.554266452
311,PtII,Zn,0.881909548,0.299623116,0.965883224,0.276828663,4.456191511,0.859296482,0.48241087
312,Zn,PtII,0.870603015,0.305276382,0.901101825,0.258261876,4.232700098,0.84798995,0.554266452
313,Zn,PtII,0.864949749,0.310929648,0.965883224,0.138262217,3.795011096,0.836683417,0.594113398
314,Zn,PtII,0.84798995,0.322236181,0.784282206,0.060102768,2.991459881,0.322236181,0.340928507
315,Zn,,0.333542714,0.327889447,0.636824994,0.148202071,1.757902789,0.327889447,0.340928507
316,Ti,,0.84798995,0.836683417,31.07866188,14.48118228,0.864182313,0.842336683,17.83430877
317,Ti,Zn,0.84798995,0.836683417,17.83430877,8.907354639,1.912491499,0.842336683,10.23411402
318,Ti,Zn,0.84798995,0.831030151,10.96985798,6.29498899,3.023793572,0.836683417,7.752597489
319,Ti,Zn,0.84798995,0.831030151,8.309941949,4.150404758,4.357133036,0.836683417,5.872786613
320,Ti,Zn,0.84798995,0.825376884,5.872786613,2.933166278,5.748256941,0.831030151,4.448782831
321,Zn,Ti,0.248743719,0.203517588,15.52225357,3.6123427,3.7737429,0.237437186,5.47890118
322,Zn,Ti,0.831030151,0.260050251,4.448782831,1.804186409,5.117871225,0.265703518,2.933166278
323,Zn,Ti,0.836683417,0.293969849,1.93389175,0.901101825,5.165437758,0.819723618,1.366716356
324,Zn,,0.333542714,0.327889447,0.636824994,0.148202071,1.757902789,0.327889447,0.340928507
